{"model":{"type":"range_dispatch","property":"custom_model_data","fallback":{"type":"model","model":"item/candle"},"entries":[{"threshold":1,"model":{"type":"model","model":"item/black_backpack"}},{"threshold":2,"model":{"type":"model","model":"item/blue_backpack"}},{"threshold":3,"model":{"type":"model","model":"item/brown_backpack"}},{"threshold":4,"model":{"type":"model","model":"item/cyan_backpack"}},{"threshold":5,"model":{"type":"model","model":"item/gray_backpack"}},{"threshold":6,"model":{"type":"model","model":"item/green_backpack"}},{"threshold":7,"model":{"type":"model","model":"item/light_blue_backpack"}},{"threshold":8,"model":{"type":"model","model":"item/light_gray_backpack"}},{"threshold":9,"model":{"type":"model","model":"item/lime_backpack"}},{"threshold":10,"model":{"type":"model","model":"item/magenta_backpack"}},{"threshold":11,"model":{"type":"model","model":"item/orange_backpack"}},{"threshold":12,"model":{"type":"model","model":"item/pink_backpack"}},{"threshold":13,"model":{"type":"model","model":"item/purple_backpack"}},{"threshold":14,"model":{"type":"model","model":"item/red_backpack"}},{"threshold":15,"model":{"type":"model","model":"item/white_backpack"}},{"threshold":15,"model":{"type":"model","model":"item/yellow_backpack"}}]}}