{"model":{"type":"range_dispatch","property":"custom_model_data","fallback":{"type":"model","model":"block/poppy"},"entries":[{"threshold":100,"model":{"type":"model","model":"item/icon/plugin"}},{"threshold":10000000,"model":{"type":"model","model":"item/icon/border"}},{"threshold":10000001,"model":{"type":"model","model":"item/icon/menu"}},{"threshold":10000002,"model":{"type":"model","model":"item/icon/pfeil_hoch"}},{"threshold":10000003,"model":{"type":"model","model":"item/icon/pfeil_runter"}},{"threshold":10000004,"model":{"type":"model","model":"item/icon/scrollbar_oben"}},{"threshold":10000005,"model":{"type":"model","model":"item/icon/scrollbar_mitte"}},{"threshold":10000006,"model":{"type":"model","model":"item/icon/scrollbar_unten"}},{"threshold":10000007,"model":{"type":"model","model":"item/icon/scrollbutton_oben"}},{"threshold":10000008,"model":{"type":"model","model":"item/icon/scrollbutton_mitte"}},{"threshold":10000009,"model":{"type":"model","model":"item/icon/scrollbutton_unten"}},{"threshold":10000010,"model":{"type":"model","model":"item/icon/scrollhalf_oben"}},{"threshold":10000011,"model":{"type":"model","model":"item/icon/scrollhalf_mitte"}},{"threshold":10000012,"model":{"type":"model","model":"item/icon/scrollhalf_mitte2"}},{"threshold":10000013,"model":{"type":"model","model":"item/icon/scrollhalf_unten"}},{"threshold":10000014,"model":{"type":"model","model":"item/icon/trash_empty"}},{"threshold":10000018,"model":{"type":"model","model":"item/icon/trash_full"}},{"threshold":10000019,"model":{"type":"model","model":"item/icon/sorting"}}]}}