{
  "credit": "Edited by E_T_31 | https://www.youtube.com/@E_T_31",
  "sources": [
    {
      "type": "paletted_permutations",
      "textures": [
        "trims/entity/wings/bolt",
        "trims/entity/wings/coast",
        "trims/entity/wings/dune",
        "trims/entity/wings/eye",
        "trims/entity/wings/flow",
        "trims/entity/wings/host",
        "trims/entity/wings/raiser",
        "trims/entity/wings/rib",
        "trims/entity/wings/sentry",
        "trims/entity/wings/shaper",
        "trims/entity/wings/silence",
        "trims/entity/wings/snout",
        "trims/entity/wings/spire",
        "trims/entity/wings/tide",
        "trims/entity/wings/vex",
        "trims/entity/wings/ward",
        "trims/entity/wings/wayfinder",
        "trims/entity/wings/wild"
      ],
      "palette_key": "trims/color_palettes/trim_palette",
      "permutations": {
        "amethyst": "trims/color_palettes/amethyst",
        "copper": "trims/color_palettes/copper",
        "diamond": "trims/color_palettes/diamond",
        "diamond_darker": "trims/color_palettes/diamond_darker",
        "emerald": "trims/color_palettes/emerald",
        "gold": "trims/color_palettes/gold",
        "gold_darker": "trims/color_palettes/gold_darker",
        "iron": "trims/color_palettes/iron",
        "iron_darker": "trims/color_palettes/iron_darker",
        "lapis": "trims/color_palettes/lapis",
        "netherite": "trims/color_palettes/netherite",
        "netherite_darker": "trims/color_palettes/netherite_darker",
        "quartz": "trims/color_palettes/quartz",
        "redstone": "trims/color_palettes/redstone",
        "resin": "trims/color_palettes/resin"
      }
    }
  ]
}