{"parent":"minecraft:item/generated","textures":{"layer0":"minecraft:item/candle"},"overrides":[{"predicate":{"custom_model_data":1},"model":"item/black_backpack"},{"predicate":{"custom_model_data":2},"model":"item/blue_backpack"},{"predicate":{"custom_model_data":3},"model":"item/brown_backpack"},{"predicate":{"custom_model_data":4},"model":"item/cyan_backpack"},{"predicate":{"custom_model_data":5},"model":"item/gray_backpack"},{"predicate":{"custom_model_data":6},"model":"item/green_backpack"},{"predicate":{"custom_model_data":7},"model":"item/light_blue_backpack"},{"predicate":{"custom_model_data":8},"model":"item/light_gray_backpack"},{"predicate":{"custom_model_data":9},"model":"item/lime_backpack"},{"predicate":{"custom_model_data":10},"model":"item/magenta_backpack"},{"predicate":{"custom_model_data":11},"model":"item/orange_backpack"},{"predicate":{"custom_model_data":12},"model":"item/pink_backpack"},{"predicate":{"custom_model_data":13},"model":"item/purple_backpack"},{"predicate":{"custom_model_data":14},"model":"item/red_backpack"},{"predicate":{"custom_model_data":15},"model":"item/white_backpack"},{"predicate":{"custom_model_data":16},"model":"item/yellow_backpack"}]}