{"parent":"item/generated","textures":{"layer0":"block/poppy"},"overrides":[{"predicate":{"custom_model_data":100},"model":"item/icon/plugin"},{"predicate":{"custom_model_data":10000000},"model":"item/icon/border"},{"predicate":{"custom_model_data":10000001},"model":"item/icon/menu"},{"predicate":{"custom_model_data":10000002},"model":"item/icon/pfeil_hoch"},{"predicate":{"custom_model_data":10000003},"model":"item/icon/pfeil_runter"},{"predicate":{"custom_model_data":10000004},"model":"item/icon/scrollbar_oben"},{"predicate":{"custom_model_data":10000005},"model":"item/icon/scrollbar_mitte"},{"predicate":{"custom_model_data":10000006},"model":"item/icon/scrollbar_unten"},{"predicate":{"custom_model_data":10000007},"model":"item/icon/scrollbutton_oben"},{"predicate":{"custom_model_data":10000008},"model":"item/icon/scrollbutton_mitte"},{"predicate":{"custom_model_data":10000009},"model":"item/icon/scrollbutton_unten"},{"predicate":{"custom_model_data":10000010},"model":"item/icon/scrollhalf_oben"},{"predicate":{"custom_model_data":10000011},"model":"item/icon/scrollhalf_mitte"},{"predicate":{"custom_model_data":10000012},"model":"item/icon/scrollhalf_mitte2"},{"predicate":{"custom_model_data":10000013},"model":"item/icon/scrollhalf_unten"},{"predicate":{"custom_model_data":10000014},"model":"item/icon/trash_empty"},{"predicate":{"custom_model_data":10000018},"model":"item/icon/trash_full"},{"predicate":{"custom_model_data":10000019},"model":"item/icon/sorting"}]}